--INSERT DATA
INSERT INTO T_SCHEDULE
(GAME_ID, GAME_DATE, OPPONENT, LOCATION, GAME_TIME, WINNER, SPREAD, HUSKER_SCORE, OPPONENT_SCORE, ROW_CREATE_TSP)
VALUES
(1, 'Sat, Aug 31', 'SOUTH ALABAMA', 'HOME', '11:00 AM', 'HUSKERS', '-36', '35', '21', CURRENT_TIMESTAMP),
(2, 'Sat, Sep 7', 'COLORADO', 'AWAY', '2:30 PM', 'TBD', NULL, NULL, NULL, CURRENT_TIMESTAMP),
(3, 'Sat, Sep 14', 'NORTHERN ILLINOIS', 'HOME', '7:00 PM', 'TBD', NULL, NULL, NULL, CURRENT_TIMESTAMP),
(4, 'Sat, Sep 21', 'ILLINOIS', 'AWAY', 'TBD', 'TBD', NULL, NULL, NULL, CURRENT_TIMESTAMP),
(5, 'Sat, Sep 28', 'OHIO STATE', 'HOME', 'TBD', 'TBD', NULL, NULL, NULL, CURRENT_TIMESTAMP),
(6, 'Sat, Oct 5', 'NORTHWESTERN', 'HOME', '2:30 PM', 'TBD', NULL, NULL, NULL, CURRENT_TIMESTAMP),
(7, 'Sat, Oct 12', 'MINNESOTA', 'AWAY', 'TBD', 'TBD', NULL, NULL, NULL, CURRENT_TIMESTAMP),
(8, 'Sat, Oct 26', 'INDIANA', 'HOME', 'TBD', 'TBD', NULL, NULL, NULL, CURRENT_TIMESTAMP),
(9, 'Sat, Nov 2', 'PURDUE', 'AWAY', 'TBD', 'TBD', NULL, NULL, NULL, CURRENT_TIMESTAMP),
(10, 'Sat, Nov 16', 'WISCONSIN', 'HOME', 'TBD', 'TBD', NULL, NULL, NULL, CURRENT_TIMESTAMP),
(11, 'Sat, Nov 23', 'MARYLAND', 'AWAY', 'TBD', 'TBD', NULL, NULL, NULL, CURRENT_TIMESTAMP),
(12, 'Fri, Nov 29', 'IOWA', 'HOME', '1:30 PM', 'TBD', NULL, NULL, NULL, CURRENT_TIMESTAMP);

--INSERT DATA
INSERT INTO T_PARTICIPANT
(PERSONID, NAME, RECORD_PREDICTED, OFFENSE_PREDICTED, POINTS)
VALUES
(1, 'BILL WARD', '8-4', '5880.5', '2'),
(2, 'DOUG NELSON', '11-1', '0', '2'),
(3, 'JON BIGELOW', '12-0', '6200', '1'),
(4, 'JOHN T CRONIN', '11-1', '6200', '2');

INSERT INTO T_PREDICTIONS
(PREDICTION_ID, GAME_ID, PERSONID, WINNER_PREDICTED, SPREAD_PREDICTED, ACTUAL_WINNER, ACTUAL_SPREAD, POINTS_WINNER, POINTS_SPREAD)
VALUES
(1, 1, 1, 'HUSKERS', 'N', 'HUSKERS', '-14', '1', '1'),
(2, 2, 1, 'HUSKERS', '', '', NULL, NULL, NULL),
(3, 3, 1, 'HUSKERS', '', '', NULL, NULL, NULL),
(4, 4, 1, 'HUSKERS', '', '', NULL, NULL, NULL),
(5, 5, 1, 'OHIO STATE', '', '', NULL, NULL, NULL),
(6, 6, 1, 'HUSKERS', '', '', NULL, NULL, NULL),
(7, 7, 1, 'MINNESOTA', '', '', NULL, NULL, NULL),
(8, 8, 1, 'HUSKERS', '', '', NULL, NULL, NULL),
(9, 9, 1, 'HUSKERS', '', '', NULL, NULL, NULL),
(10, 10, 1, 'WISCONSIN', '', '', NULL, NULL, NULL),
(11, 11, 1, 'HUSKERS', '', '', NULL, NULL, NULL),
(12, 12, 1, 'IOWA', '', '', NULL, NULL, NULL),
(13, 1, 2, 'HUSKERS', 'N', 'HUSKERS', '-14', '1', '1'),
(14, 2, 2, 'HUSKERS', '', '', NULL, NULL, NULL),
(15, 3, 2, 'HUSKERS', '', '', NULL, NULL, NULL),
(16, 4, 2, 'HUSKERS', '', '', NULL, NULL, NULL),
(17, 5, 2, 'OHIO STATE', '', '', NULL, NULL, NULL),
(18, 6, 2, 'HUSKERS', '', '', NULL, NULL, NULL),
(19, 7, 2, 'HUSKERS', '', '', NULL, NULL, NULL),
(20, 8, 2, 'HUSKERS', '', '', NULL, NULL, NULL),
(21, 9, 2, 'HUSKERS', '', '', NULL, NULL, NULL),
(22, 10, 2, 'HUSKERS', '', '', NULL, NULL, NULL),
(23, 11, 2, 'HUSKERS', '', '', NULL, NULL, NULL),
(24, 12, 2, 'HUSKERS', '', '', NULL, NULL, NULL),
(25, 1, 3, 'HUSKERS', 'Y', 'HUSKERS', '-14', '1', '0'),
(26, 2, 3, 'HUSKERS', '', '', NULL, NULL, NULL),
(27, 3, 3, 'HUSKERS', '', '', NULL, NULL, NULL),
(28, 4, 3, 'HUSKERS', '', '', NULL, NULL, NULL),
(29, 5, 3, 'HUSKERS', '', '', NULL, NULL, NULL),
(30, 6, 3, 'HUSKERS', '', '', NULL, NULL, NULL),
(31, 7, 3, 'HUSKERS', '', '', NULL, NULL, NULL),
(32, 8, 3, 'HUSKERS', '', '', NULL, NULL, NULL),
(33, 9, 3, 'HUSKERS', '', '', NULL, NULL, NULL),
(34, 10, 3, 'HUSKERS', '', '', NULL, NULL, NULL),
(35, 11, 3, 'HUSKERS', '', '', NULL, NULL, NULL),
(36, 12, 3, 'HUSKERS', '', '', NULL, NULL, NULL),
(37, 1, 4, 'HUSKERS', 'N', 'HUSKERS', '-14', '1', '1'),
(38, 2, 4, 'HUSKERS', '', '', NULL, NULL, NULL),
(39, 3, 4, 'HUSKERS', '', '', NULL, NULL, NULL),
(40, 4, 4, 'HUSKERS', '', '', NULL, NULL, NULL),
(41, 5, 4, 'OHIO STATE', '', '', NULL, NULL, NULL),
(42, 6, 4, 'HUSKERS', '', '', NULL, NULL, NULL),
(43, 7, 4, 'HUSKERS', '', '', NULL, NULL, NULL),
(44, 8, 4, 'HUSKERS', '', '', NULL, NULL, NULL),
(45, 9, 4, 'HUSKERS', '', '', NULL, NULL, NULL),
(46, 10, 4, 'HUSKERS', '', '', NULL, NULL, NULL),
(47, 11, 4, 'HUSKERS', '', '', NULL, NULL, NULL),
(48, 12, 4, 'HUSKERS', '', '', NULL, NULL, NULL);